subject,sample_name,true,pred
108323,GAMBLING_RL,1,4
110411,GAMBLING_LR,1,1
110411,RELATIONAL_LR,4,4
112516,GAMBLING_RL,1,1
112516,RELATIONAL_RL,4,4
112516,SOCIAL_LR,5,5
113922,EMOTION_LR,0,0
113922,EMOTION_RL,0,0
113922,LANGUAGE_LR,2,2
122317,EMOTION_RL,0,0
122317,GAMBLING_LR,1,1
122317,LANGUAGE_RL,2,0
122317,MOTOR_LR,3,1
122317,MOTOR_RL,3,3
122317,RELATIONAL_RL,4,1
122317,SOCIAL_LR,5,5
122317,SOCIAL_RL,5,5
127933,EMOTION_LR,0,0
127933,GAMBLING_RL,1,1
127933,LANGUAGE_LR,2,2
127933,LANGUAGE_RL,2,2
127933,SOCIAL_RL,5,5
130619,GAMBLING_RL,1,1
130619,LANGUAGE_LR,2,2
130619,LANGUAGE_RL,2,2
130619,SOCIAL_LR,5,5
131419,EMOTION_LR,0,0
131419,EMOTION_RL,0,1
131419,MOTOR_RL,3,3
131419,RELATIONAL_RL,4,4
131419,SOCIAL_LR,5,5
131419,WM_RL,6,6
139839,EMOTION_LR,0,0
139839,EMOTION_RL,0,1
139839,GAMBLING_LR,1,1
139839,GAMBLING_RL,1,1
139839,LANGUAGE_RL,2,2
139839,MOTOR_LR,3,3
139839,RELATIONAL_LR,4,4
139839,RELATIONAL_RL,4,1
139839,SOCIAL_LR,5,5
141422,EMOTION_RL,0,0
141422,RELATIONAL_RL,4,4
141422,SOCIAL_LR,5,5
141422,SOCIAL_RL,5,1
141422,WM_RL,6,1
144428,MOTOR_RL,3,3
150423,GAMBLING_LR,1,1
150423,GAMBLING_RL,1,1
150423,MOTOR_RL,3,3
150423,WM_RL,6,4
151627,EMOTION_LR,0,1
151627,GAMBLING_LR,1,4
151627,RELATIONAL_LR,4,4
151627,RELATIONAL_RL,4,4
151627,SOCIAL_LR,5,5
151627,SOCIAL_RL,5,5
151829,EMOTION_RL,0,0
151829,GAMBLING_LR,1,1
151829,GAMBLING_RL,1,1
151829,LANGUAGE_LR,2,2
151829,RELATIONAL_LR,4,4
151829,RELATIONAL_RL,4,4
151829,SOCIAL_LR,5,5
151829,SOCIAL_RL,5,5
151829,WM_RL,6,6
156536,EMOTION_LR,0,0
156536,GAMBLING_RL,1,1
156536,WM_RL,6,6
158338,EMOTION_RL,0,0
158338,RELATIONAL_LR,4,4
158338,SOCIAL_LR,5,5
162228,GAMBLING_LR,1,1
163129,EMOTION_RL,0,0
163129,RELATIONAL_RL,4,4
163129,SOCIAL_RL,5,5
163129,WM_LR,6,6
165840,EMOTION_LR,0,0
166438,LANGUAGE_LR,2,2
166438,LANGUAGE_RL,2,2
166438,SOCIAL_RL,5,5
172130,EMOTION_RL,0,0
172130,RELATIONAL_LR,4,4
172130,WM_RL,6,6
173334,LANGUAGE_RL,2,3
175338,RELATIONAL_LR,4,4
180432,GAMBLING_RL,1,3
180432,SOCIAL_RL,5,5
180735,EMOTION_LR,0,0
180735,GAMBLING_RL,1,1
180735,WM_LR,6,6
180735,WM_RL,6,6
181232,GAMBLING_LR,1,1
182032,EMOTION_RL,0,0
182032,LANGUAGE_LR,2,2
182032,SOCIAL_LR,5,6
182739,EMOTION_LR,0,0
182739,EMOTION_RL,0,0
189349,EMOTION_LR,0,0
189349,EMOTION_RL,0,0
189349,GAMBLING_LR,1,1
189349,LANGUAGE_LR,2,2
189349,MOTOR_RL,3,3
189349,RELATIONAL_RL,4,1
189349,SOCIAL_LR,5,5
189349,SOCIAL_RL,5,5
189349,WM_LR,6,6
189349,WM_RL,6,6
192136,EMOTION_LR,0,0
192136,EMOTION_RL,0,0
192136,GAMBLING_RL,1,4
192136,MOTOR_LR,3,3
192136,RELATIONAL_LR,4,4
192136,RELATIONAL_RL,4,4
192136,SOCIAL_RL,5,5
192136,WM_LR,6,6
192136,WM_RL,6,6
196346,EMOTION_RL,0,0
196346,GAMBLING_RL,1,1
196346,WM_LR,6,4
198855,EMOTION_LR,0,0
198855,EMOTION_RL,0,0
198855,SOCIAL_LR,5,5
202719,EMOTION_LR,0,0
202719,EMOTION_RL,0,0
202719,LANGUAGE_RL,2,2
202719,MOTOR_RL,3,3
202719,SOCIAL_RL,5,5
202719,WM_RL,6,6
206222,GAMBLING_LR,1,1
206222,GAMBLING_RL,1,6
206222,MOTOR_RL,3,3
206222,WM_RL,6,6
208327,LANGUAGE_LR,2,2
208327,LANGUAGE_RL,2,3
208327,RELATIONAL_RL,4,4
208327,SOCIAL_RL,5,5
210011,EMOTION_LR,0,0
210011,EMOTION_RL,0,0
210011,GAMBLING_LR,1,1
210011,GAMBLING_RL,1,1
210011,LANGUAGE_LR,2,2
210011,LANGUAGE_RL,2,2
210011,RELATIONAL_LR,4,4
210011,RELATIONAL_RL,4,4
210011,SOCIAL_LR,5,5
210011,SOCIAL_RL,5,5
210011,WM_RL,6,6
214221,EMOTION_LR,0,0
217429,MOTOR_LR,3,0
217429,MOTOR_RL,3,3
217429,RELATIONAL_LR,4,4
217429,RELATIONAL_RL,4,4
217429,SOCIAL_LR,5,5
217429,SOCIAL_RL,5,5
268850,EMOTION_LR,0,0
268850,GAMBLING_LR,1,1
268850,LANGUAGE_RL,2,3
268850,MOTOR_RL,3,3
268850,RELATIONAL_LR,4,4
268850,RELATIONAL_RL,4,4
268850,SOCIAL_RL,5,5
268850,WM_LR,6,6
285446,EMOTION_RL,0,0
285446,GAMBLING_RL,1,1
285446,MOTOR_RL,3,3
285446,RELATIONAL_LR,4,4
285446,RELATIONAL_RL,4,5
286650,EMOTION_LR,0,0
299154,EMOTION_LR,0,1
299154,EMOTION_RL,0,0
361234,EMOTION_LR,0,0
361234,WM_RL,6,6
393550,RELATIONAL_RL,4,4
393550,SOCIAL_RL,5,5
395756,GAMBLING_LR,1,3
395756,GAMBLING_RL,1,1
395756,LANGUAGE_RL,2,2
395756,WM_LR,6,6
395756,WM_RL,6,4
412528,GAMBLING_LR,1,1
424939,EMOTION_LR,0,0
424939,GAMBLING_RL,1,1
424939,RELATIONAL_RL,4,4
424939,WM_RL,6,6
448347,EMOTION_RL,0,0
448347,GAMBLING_LR,1,1
448347,LANGUAGE_LR,2,2
448347,LANGUAGE_RL,2,2
448347,RELATIONAL_LR,4,6
448347,RELATIONAL_RL,4,6
480141,EMOTION_RL,0,1
480141,RELATIONAL_RL,4,1
480141,WM_RL,6,6
519950,EMOTION_RL,0,0
531536,GAMBLING_LR,1,1
531536,GAMBLING_RL,1,1
547046,RELATIONAL_RL,4,4
561242,EMOTION_LR,0,0
561242,LANGUAGE_RL,2,2
561242,RELATIONAL_LR,4,4
561242,RELATIONAL_RL,4,6
567961,RELATIONAL_RL,4,4
567961,WM_LR,6,6
567961,WM_RL,6,6
599065,EMOTION_LR,0,0
599065,EMOTION_RL,0,0
599065,GAMBLING_LR,1,4
599065,GAMBLING_RL,1,1
599065,LANGUAGE_LR,2,2
599065,LANGUAGE_RL,2,2
599065,MOTOR_LR,3,3
599065,MOTOR_RL,3,3
599065,RELATIONAL_LR,4,4
599065,SOCIAL_LR,5,5
599065,SOCIAL_RL,5,5
599065,WM_LR,6,4
599065,WM_RL,6,6
626648,EMOTION_LR,0,0
626648,MOTOR_LR,3,3
626648,WM_LR,6,4
627549,RELATIONAL_RL,4,4
663755,EMOTION_LR,0,0
663755,EMOTION_RL,0,0
663755,GAMBLING_LR,1,4
663755,LANGUAGE_RL,2,2
663755,MOTOR_LR,3,3
663755,RELATIONAL_LR,4,4
663755,SOCIAL_LR,5,5
663755,SOCIAL_RL,5,5
679568,EMOTION_RL,0,0
679568,GAMBLING_LR,1,1
679568,MOTOR_LR,3,3
679568,RELATIONAL_LR,4,1
679568,RELATIONAL_RL,4,4
679568,SOCIAL_RL,5,5
679568,WM_LR,6,6
679568,WM_RL,6,6
679770,EMOTION_RL,0,6
693764,LANGUAGE_LR,2,2
715950,EMOTION_RL,0,0
789373,GAMBLING_LR,1,1
789373,SOCIAL_RL,5,5
841349,EMOTION_LR,0,0
852455,LANGUAGE_RL,2,2
852455,SOCIAL_RL,5,5
852455,WM_LR,6,1
852455,WM_RL,6,1
880157,LANGUAGE_RL,2,2
896879,GAMBLING_LR,1,1
896879,GAMBLING_RL,1,6
896879,SOCIAL_LR,5,5
896879,SOCIAL_RL,5,5
932554,EMOTION_LR,0,0
932554,EMOTION_RL,0,0
932554,GAMBLING_LR,1,1
932554,GAMBLING_RL,1,1
932554,LANGUAGE_RL,2,3
932554,MOTOR_RL,3,3
932554,RELATIONAL_RL,4,4
932554,WM_RL,6,6
987983,EMOTION_LR,0,0
987983,EMOTION_RL,0,0
987983,LANGUAGE_RL,2,2
987983,RELATIONAL_LR,4,1
987983,SOCIAL_RL,5,5
